{
    "logreg_basic": {
        "accuracy": 0.7806340057636888,
        "macro_f1": 0.7549283126480115,
        "weighted_f1": 0.7853763102425074,
        "macro_precision": 0.7416385706275047,
        "macro_recall": 0.779431996259962,
        "confusion_matrix": [
            [
                1093,
                160,
                214
            ],
            [
                439,
                3727,
                668
            ],
            [
                214,
                208,
                1952
            ]
        ],
        "classification_report": {
            "hate_speech": {
                "precision": 0.6260022909507446,
                "recall": 0.7450579413769598,
                "f1-score": 0.6803610333022098,
                "support": 1467.0
            },
            "offensive_language": {
                "precision": 0.9101343101343101,
                "recall": 0.7709971038477451,
                "f1-score": 0.8348079292193975,
                "support": 4834.0
            },
            "neither": {
                "precision": 0.6887791107974595,
                "recall": 0.8222409435551812,
                "f1-score": 0.7496159754224271,
                "support": 2374.0
            },
            "accuracy": 0.7806340057636888,
            "macro avg": {
                "precision": 0.7416385706275047,
                "recall": 0.779431996259962,
                "f1-score": 0.7549283126480115,
                "support": 8675.0
            },
            "weighted avg": {
                "precision": 0.8015096513022669,
                "recall": 0.7806340057636888,
                "f1-score": 0.7853763102425074,
                "support": 8675.0
            }
        }
    },
    "logreg_tuned": {
        "accuracy": 0.7831700288184438,
        "macro_f1": 0.7571743605663802,
        "weighted_f1": 0.787141135734741,
        "macro_precision": 0.7448567703943728,
        "macro_recall": 0.7774932167259575,
        "confusion_matrix": [
            [
                1082,
                180,
                205
            ],
            [
                401,
                3784,
                649
            ],
            [
                201,
                245,
                1928
            ]
        ],
        "classification_report": {
            "hate_speech": {
                "precision": 0.6425178147268409,
                "recall": 0.7375596455351057,
                "f1-score": 0.6867661059980958,
                "support": 1467.0
            },
            "offensive_language": {
                "precision": 0.8990258968876218,
                "recall": 0.7827885808853952,
                "f1-score": 0.8368904124737366,
                "support": 4834.0
            },
            "neither": {
                "precision": 0.6930265995686556,
                "recall": 0.8121314237573716,
                "f1-score": 0.747866563227308,
                "support": 2374.0
            },
            "accuracy": 0.7831700288184438,
            "macro avg": {
                "precision": 0.7448567703943728,
                "recall": 0.7774932167259575,
                "f1-score": 0.7571743605663802,
                "support": 8675.0
            },
            "weighted avg": {
                "precision": 0.7992749241654211,
                "recall": 0.7831700288184438,
                "f1-score": 0.787141135734741,
                "support": 8675.0
            }
        }
    },
    "linear_svm": {
        "accuracy": 0.770835734870317,
        "macro_f1": 0.7377415739317731,
        "weighted_f1": 0.7721270322383641,
        "macro_precision": 0.7339227018639374,
        "macro_recall": 0.742503201638431,
        "confusion_matrix": [
            [
                973,
                289,
                205
            ],
            [
                331,
                3931,
                572
            ],
            [
                177,
                414,
                1783
            ]
        ],
        "classification_report": {
            "hate_speech": {
                "precision": 0.6569885212694125,
                "recall": 0.6632583503749148,
                "f1-score": 0.6601085481682497,
                "support": 1467.0
            },
            "offensive_language": {
                "precision": 0.8482952093223997,
                "recall": 0.8131981795614398,
                "f1-score": 0.8303760033798057,
                "support": 4834.0
            },
            "neither": {
                "precision": 0.696484375,
                "recall": 0.7510530749789385,
                "f1-score": 0.7227401702472639,
                "support": 2374.0
            },
            "accuracy": 0.770835734870317,
            "macro avg": {
                "precision": 0.7339227018639374,
                "recall": 0.742503201638431,
                "f1-score": 0.7377415739317731,
                "support": 8675.0
            },
            "weighted avg": {
                "precision": 0.7743994361748366,
                "recall": 0.770835734870317,
                "f1-score": 0.7721270322383641,
                "support": 8675.0
            }
        }
    },
    "naive_bayes": {
        "accuracy": 0.6706628242074928,
        "macro_f1": 0.5371923340646325,
        "weighted_f1": 0.6291976171663233,
        "macro_precision": 0.7236263239271863,
        "macro_recall": 0.5206131300909301,
        "confusion_matrix": [
            [
                267,
                965,
                235
            ],
            [
                36,
                4471,
                327
            ],
            [
                12,
                1282,
                1080
            ]
        ],
        "classification_report": {
            "hate_speech": {
                "precision": 0.8476190476190476,
                "recall": 0.18200408997955012,
                "f1-score": 0.2996632996632997,
                "support": 1467.0
            },
            "offensive_language": {
                "precision": 0.665525454004168,
                "recall": 0.924906909391808,
                "f1-score": 0.7740650969529086,
                "support": 4834.0
            },
            "neither": {
                "precision": 0.6577344701583435,
                "recall": 0.45492839090143217,
                "f1-score": 0.5378486055776892,
                "support": 2374.0
            },
            "accuracy": 0.6706628242074928,
            "macro avg": {
                "precision": 0.7236263239271863,
                "recall": 0.5206131300909301,
                "f1-score": 0.5371923340646325,
                "support": 8675.0
            },
            "weighted avg": {
                "precision": 0.6941866074546628,
                "recall": 0.6706628242074928,
                "f1-score": 0.6291976171663233,
                "support": 8675.0
            }
        }
    }
}