{
    "model_checkpoint": "distilbert-base-uncased",
    "random_seed": 42,
    "test_size": 0.2,
    "max_length": 128,
    "num_epochs": 1.0,
    "train_batch_size": 2,
    "eval_batch_size": 4,
    "learning_rate": 2e-05,
    "accuracy": 0.8192507204610951,
    "macro_f1": 0.7926319724990195,
    "weighted_f1": 0.8182415780887542,
    "macro_precision": 0.8018347931802193,
    "macro_recall": 0.7850482261859679,
    "confusion_matrix": [
        [
            1020,
            340,
            107
        ],
        [
            191,
            4218,
            425
        ],
        [
            102,
            403,
            1869
        ]
    ],
    "classification_report": {
        "hate_speech": {
            "precision": 0.7768469154607769,
            "recall": 0.6952965235173824,
            "f1-score": 0.7338129496402878,
            "support": 1467.0
        },
        "offensive_language": {
            "precision": 0.850231808103205,
            "recall": 0.8725693007860985,
            "f1-score": 0.8612557427258806,
            "support": 4834.0
        },
        "neither": {
            "precision": 0.7784256559766763,
            "recall": 0.7872788542544229,
            "f1-score": 0.7828272251308901,
            "support": 2374.0
        },
        "accuracy": 0.8192507204610951,
        "macro avg": {
            "precision": 0.8018347931802193,
            "recall": 0.7850482261859679,
            "f1-score": 0.7926319724990195,
            "support": 8675.0
        },
        "weighted avg": {
            "precision": 0.8181714688922747,
            "recall": 0.8192507204610951,
            "f1-score": 0.8182415780887542,
            "support": 8675.0
        }
    }
}